﻿<?xml version="1.0" encoding="utf-8"?>
<manifest xmlns:android="http://schemas.android.com/apk/res/android" >
	<!-- Permisions -->
	<uses-permission android:name="android.permission.INTERNET" /> <!-- Required for AdMod, InApp purchases and Leaderboards -->
	<uses-permission android:name="android.permission.ACCESS_NETWORK_STATE" /> <!-- Required for AdMod and Leaderboards -->
	<uses-permission android:name="android.permission.ACCESS_COARSE_LOCATION" /> <!-- Required for Amazon Ads -->
    <uses-permission android:name="android.permission.ACCESS_FINE_LOCATION" /> <!-- Required for Amazon Ads -->
    <uses-permission android:name="android.permission.ACCESS_WIFI_STATE" /> <!-- Required for Amazon Ads -->
	<uses-permission android:name="com.sec.android.iap.permission.BILLING" /> <!-- Required for Samsung IAP -->
	<uses-permission android:name="android.permission.WRITE_EXTERNAL_STORAGE" /> <!-- Required for Amazon IAP Testing and Camera -->
	<uses-permission android:name="android.permission.READ_EXTERNAL_STORAGE" /> <!-- May be Required for some devices -->
	<uses-permission android:name="android.permission.GET_ACCOUNTS" /> <!-- Required for GooglePlay Leaderboards and Achievements -->

	<!-- Application -->
	<application android:icon="@drawable/app_icon" android:label="@string/app_name">
		<!-- Reign Plugin Activity -->
		<!-- NOTE: Set your games orientation via (android:screenOrientation)! -->
		<!-- Screen Orientation docs: http://developer.android.com/guide/topics/manifest/activity-element.html -->
		<activity android:name="com.reignstudios.reignnative.ReignUnityActivity" android:launchMode="standard" android:screenOrientation="landscape" android:label="@string/app_name" android:configChanges="fontScale|keyboard|keyboardHidden|locale|mnc|mcc|navigation|orientation|screenLayout|screenSize|smallestScreenSize|uiMode|touchscreen">
			<intent-filter>
				<action android:name="android.intent.action.MAIN" />
				<category android:name="android.intent.category.LAUNCHER" />
			</intent-filter>
			<meta-data android:name="android.app.lib_name" android:value="unity" />
			<meta-data android:name="unityplayer.ForwardNativeEventsToDalvik" android:value="true"/>
		</activity>
		
		<!-- Amazon InAppPurchase receiver -->
		<receiver android:name = "com.amazon.device.iap.ResponseReceiver" >
	  <intent-filter>
	      <action android:name = "com.amazon.inapp.purchasing.NOTIFY" android:permission = "com.amazon.inapp.purchasing.Permission.NOTIFY"/>
		</intent-filter>
	  </receiver>
	    
	  <!-- Amazon Ads -->
	  <activity android:name="com.amazon.device.ads.AdActivity" android:configChanges="keyboardHidden|orientation|screenSize"/>

		<!-- Amazon GameCircle -->
		<activity android:name="com.amazon.ags.html5.overlay.GameCircleUserInterface" android:theme="@style/GCOverlay" android:hardwareAccelerated="false"></activity>
		<activity android:name="com.amazon.ags.html5.overlay.GameCircleAlertUserInterface" android:theme="@style/GCAlert" android:hardwareAccelerated="false"></activity>
		<activity android:name="com.amazon.identity.auth.device.authorization.AuthorizationActivity" android:theme="@android:style/Theme.NoDisplay" android:allowTaskReparenting="true" android:launchMode="singleTask">
		  <intent-filter>
		     <action android:name="android.intent.action.VIEW" />
		     <category android:name="android.intent.category.DEFAULT" />
		     <category android:name="android.intent.category.BROWSABLE" />
		     <data android:host="com.xxxx.xxxx" android:scheme="amzn" /><!-- Set to your bundle/package id -->
		  </intent-filter>
		</activity>
		<receiver android:name="com.amazon.identity.auth.device.authorization.PackageIntentReceiver" android:enabled="true">
		  <intent-filter>
		     <action android:name="android.intent.action.PACKAGE_INSTALL" />
		     <action android:name="android.intent.action.PACKAGE_ADDED" />
		     <data android:scheme="package" />
		  </intent-filter>
		</receiver>
	</application>
</manifest>